{"publish_products": 1783786311.1343195, "publish_shorts": 1783786311.1343195}